song_id,album_id,title,number,duration,plays,danceability,energy,valence,tempo,key_mode,explicit
4g2c7NoTWAOSYDy44l9nub,3lS1y25WAhcqJDATJK70Mq,Lavender Haze,1,202,207844316,0.735,0.444,0.0984,97,A# major,1
199E1RRrVmVTQqBXih5qRC,3lS1y25WAhcqJDATJK70Mq,Maroon,2,218,173314371,0.658,0.378,0.0382,108,G major,1
02Zkkf2zMkwRGQjZ7T4p8f,3lS1y25WAhcqJDATJK70Mq,Anti-Hero,3,201,391829492,0.638,0.634,0.519,97,E major,0
6ADDIJxxqzM9LMpm78yzQG,3lS1y25WAhcqJDATJK70Mq,Snow On The Beach (feat. Lana Del Rey),4,256,179424350,0.659,0.323,0.154,110,A major,1
7gVWKBcfIW93YxNBi3ApIE,3lS1y25WAhcqJDATJK70Mq,"You're On Your Own, Kid",5,194,169634476,0.694,0.38,0.376,120,D major,0
6Nl7KyvjkFncGsjB49SxLl,3lS1y25WAhcqJDATJK70Mq,Midnight Rain,6,175,203539170,0.636,0.377,0.23,140,C major,0
6C7OF1Jal7YkyjzyUG8vkK,3lS1y25WAhcqJDATJK70Mq,Question...?,7,211,132992388,0.751,0.502,0.112,109,G major,1
5yeuXkukVGuix3vmLu2BPJ,3lS1y25WAhcqJDATJK70Mq,Vigilante Shit,8,165,140719398,0.87,0.279,0.16,80,E minor,1
0jvo9CjnbR0lYUDTSNTMiu,3lS1y25WAhcqJDATJK70Mq,Bejeweled,9,194,156495596,0.7,0.55,0.412,164,G major,0
43q586vP8gGkYypKoSddhl,3lS1y25WAhcqJDATJK70Mq,Labyrinth,10,248,109537470,0.487,0.313,0.141,110,C major,0
5oqDgw5VGBln5dSIOPWyBq,3lS1y25WAhcqJDATJK70Mq,Karma,11,205,160267248,0.649,0.622,0.106,90,G# major,1
3zmwONxswBAzGwExPugSLN,3lS1y25WAhcqJDATJK70Mq,Sweet Nothing,12,188,104674293,0.334,0.161,0.396,177,C major,0
56hioFjQ0DXrdn04hZcFgG,3lS1y25WAhcqJDATJK70Mq,Mastermind,13,191,114679917,0.661,0.352,0.13,126,E major,0
3UMrglJeju5yWyYIW6o99b,3lS1y25WAhcqJDATJK70Mq,The Great War,14,240,75893340,0.573,0.741,0.554,96,F major,0
0BiqmkasE5FdrChwKfVp8X,3lS1y25WAhcqJDATJK70Mq,Bigger Than The Whole Sky,15,219,67153311,0.422,0.235,0.068,166,F# major,0
7712gjoih4QoDbXpljEk21,3lS1y25WAhcqJDATJK70Mq,Paris,16,196,63300037,0.7,0.509,0.345,111,G major,0
5kiZGSxgqPdv6rbqL9THdd,3lS1y25WAhcqJDATJK70Mq,High Infidelity,17,231,56191801,0.646,0.529,0.755,88,A# major,0
6wAFvJPpTZVirBKGZ4EnMW,3lS1y25WAhcqJDATJK70Mq,Glitch,18,149,49393373,0.675,0.466,0.347,141,B minor,0
0aV5uARAknQgYhBaK944FP,3lS1y25WAhcqJDATJK70Mq,"Would've, Could've, Should've",19,260,83526866,0.483,0.84,0.55,158,G major,0
3QF5RsWzK1lCvf2o2cY65P,3lS1y25WAhcqJDATJK70Mq,Dear Reader,20,225,47707378,0.562,0.388,0.159,108,C major,0
6lzc0Al0zfZOIFsFvBS1ki,6kZ42qRrzov54LcAk4onW9,State Of Grace (Taylor's Version),1,295,67567994,0.594,0.713,0.328,130,A major,0
4OAuvHryIVv4kMDNSLuPt6,6kZ42qRrzov54LcAk4onW9,Red (Taylor's Version),2,223,127870703,0.516,0.777,0.408,125,C# minor,0
3S7HNKPakdwNEBFIVTL6dZ,6kZ42qRrzov54LcAk4onW9,Treacherous (Taylor's Version),3,243,58624510,0.645,0.593,0.299,110,D major,0
6AtZLIzUINvExIUy4QhdjP,6kZ42qRrzov54LcAk4onW9,I Knew You Were Trouble (Taylor's Version),4,220,115400513,0.584,0.557,0.767,154,F# major,0
3nsfB1vus2qaloUdcBZvDu,6kZ42qRrzov54LcAk4onW9,All Too Well (Taylor's Version),5,329,133331633,0.44,0.528,0.132,186,C major,0
3yII7UwgLF6K5zW3xad3MP,6kZ42qRrzov54LcAk4onW9,22 (Taylor's Version),6,231,94259871,0.642,0.695,0.642,104,G major,0
2r9CbjYgFhtAmcFv1cSquB,6kZ42qRrzov54LcAk4onW9,I Almost Do (Taylor's Version),7,245,49203135,0.511,0.559,0.248,146,E major,0
5YqltLsjdqFtvqE7Nrysvs,6kZ42qRrzov54LcAk4onW9,We Are Never Ever Getting Back Together (Taylor's Version),8,193,101076206,0.567,0.686,0.716,172,G major,0
7eQj6r5PIdYKEIZjucBMcq,6kZ42qRrzov54LcAk4onW9,Stay Stay Stay (Taylor's Version),9,206,48259076,0.693,0.681,0.663,100,C major,0
0y6kdSRCVQhSsHSpWvTUm7,6kZ42qRrzov54LcAk4onW9,The Last Time (feat. Gary Lightbody of Snow Patrol) (Taylor’s Version),10,299,53037166,0.502,0.534,0.155,94,D major,0
7J4b3LVCIGO4CMBDFLPoP6,6kZ42qRrzov54LcAk4onW9,Holy Ground (Taylor's Version),11,203,43917831,0.622,0.809,0.511,157,A major,0
73qMN9bXy7MSPwwGfH3wQr,6kZ42qRrzov54LcAk4onW9,Sad Beautiful Tragic (Taylor's Version),12,285,44499647,0.601,0.406,0.232,130,G major,0
4e5ayHsOLJNLTGfjau2mEw,6kZ42qRrzov54LcAk4onW9,The Lucky One (Taylor's Version),13,240,39825078,0.686,0.571,0.538,118,E major,0
7qEUFOVcxRI19tbT68JcYK,6kZ42qRrzov54LcAk4onW9,Everything Has Changed (feat. Ed Sheeran) (Taylor’s Version),14,245,63677338,0.498,0.61,0.474,80,F# major,0
7A2cNLRT0YJc1yjxHlKihs,6kZ42qRrzov54LcAk4onW9,Starlight (Taylor's Version),15,220,36655262,0.628,0.685,0.605,126,E major,0
05GsNucq8Bngd9fnd4fRa0,6kZ42qRrzov54LcAk4onW9,Begin Again (Taylor's Version),16,239,48162532,0.519,0.527,0.267,79,G major,0
0NRHj8hDwwmSPaA41o379r,6kZ42qRrzov54LcAk4onW9,The Moment I Knew (Taylor's Version),17,285,37580039,0.636,0.402,0.208,126,G major,0
4pNApnaUWAL2J4KO2eqokq,6kZ42qRrzov54LcAk4onW9,Come Back...Be Here (Taylor's Version),18,223,53363542,0.46,0.632,0.399,80,E major,0
0DMVrlMUn01M0IcpDbwgu7,6kZ42qRrzov54LcAk4onW9,Girl At Home (Taylor's Version),19,221,32142542,0.691,0.736,0.612,125,F major,0
5jAIouBES8LWMiriuNq170,6kZ42qRrzov54LcAk4onW9,State Of Grace (Acoustic Version) (Taylor's Version),20,322,29145400,0.445,0.131,0.101,209,G major,0
7nWui6jiMM2m9qFmET1Mtj,6kZ42qRrzov54LcAk4onW9,Ronan (Taylor's Version),21,264,23905177,0.623,0.279,0.38,116,C major,0
4OmFmE0fzcMG6g0Y8p4eSD,6kZ42qRrzov54LcAk4onW9,Better Man (Taylor's Version) (From The Vault),22,297,71470803,0.473,0.579,0.255,74,E major,0
01K4zKU104LyJ8gMb7227B,6kZ42qRrzov54LcAk4onW9,Nothing New (feat. Phoebe Bridgers) (Taylor’s Version) (From The Vault),23,259,114578726,0.606,0.377,0.446,102,C major,0
0v4z1tuZvn6LGknom9Qx7d,6kZ42qRrzov54LcAk4onW9,Babe (Taylor's Version) (From The Vault),24,224,59258837,0.584,0.743,0.746,168,E major,0
3z6XUommYDWPHeFhmhhT6j,6kZ42qRrzov54LcAk4onW9,Message In A Bottle (Taylor's Version) (From The Vault),25,226,117239853,0.622,0.791,0.494,116,G major,0
4CkgMiMqZ5JzW9iYXSTMTL,6kZ42qRrzov54LcAk4onW9,I Bet You Think About Me (feat. Chris Stapleton) (Taylor’s Version) (From The Vault),26,285,116523146,0.391,0.715,0.473,150,C major,1
3oGVx9RBmiYGv5ZCecWLkx,6kZ42qRrzov54LcAk4onW9,Forever Winter (Taylor's Version) (From The Vault),27,264,49755865,0.611,0.552,0.41,116,G major,0
4IQkfUsrwXol38VV3U7t7T,6kZ42qRrzov54LcAk4onW9,Run (feat. Ed Sheeran) (Taylor’s Version) (From The Vault),28,240,90958697,0.61,0.488,0.443,125,D# major,0
6pYNq0ZwpPVazKzsqpf0G8,6kZ42qRrzov54LcAk4onW9,The Very First Night (Taylor's Version) (From The Vault),29,200,84429026,0.678,0.733,0.581,121,G major,0
5enxwA8aAbwZbf5qCHORXi,6kZ42qRrzov54LcAk4onW9,All Too Well (10 Minute Version) (Taylor's Version) (From The Vault),30,613,439368009,0.631,0.518,0.205,93,C major,1
77sMIMlNaSURUAXq5coCxE,4hDok0OAJd57SGIT8xuWJH,Fearless (Taylor’s Version),1,242,70934821,0.569,0.741,0.43,100,F major,0
2nqio0SfWg6gh2eCtfuMa5,4hDok0OAJd57SGIT8xuWJH,Fifteen (Taylor’s Version),2,294,47826706,0.559,0.646,0.289,95,G major,0
6YvqWjhGD8mB5QXcbcUKtx,4hDok0OAJd57SGIT8xuWJH,Love Story (Taylor’s Version),3,236,287586996,0.627,0.792,0.415,119,D major,0
550erGcdD9n6PnwxrvYqZT,4hDok0OAJd57SGIT8xuWJH,Hey Stephen (Taylor’s Version),4,254,44664929,0.788,0.571,0.797,116,F# major,0
5YL553x8sHderRBDlm3NM3,4hDok0OAJd57SGIT8xuWJH,White Horse (Taylor’s Version),5,235,44255817,0.423,0.517,0.366,185,C major,0
1qrpoAMXodY6895hGKoUpA,4hDok0OAJd57SGIT8xuWJH,You Belong With Me (Taylor’s Version),6,231,198421595,0.632,0.773,0.474,130,F# major,0
7HC7R2D8WjXVcUHJyEGjRs,4hDok0OAJd57SGIT8xuWJH,Breathe (feat. Colbie Caillat) (Taylor’s Version),7,263,34918290,0.506,0.626,0.321,148,C# major,0
0k0vFacOHNuArLWMiH60p7,4hDok0OAJd57SGIT8xuWJH,Tell Me Why (Taylor’s Version),8,201,29763373,0.578,0.909,0.541,100,G major,0
6iiAfo4wTA2CVC3Uwx9uh8,4hDok0OAJd57SGIT8xuWJH,You’re Not Sorry (Taylor’s Version),9,262,34633581,0.506,0.444,0.241,134,F# major,0
22bPsP2jCgbLUvh82U0Z3M,4hDok0OAJd57SGIT8xuWJH,The Way I Loved You (Taylor’s Version),10,243,170343228,0.402,0.732,0.472,161,F major,0
1msEuwSBneBKpVCZQcFTsU,4hDok0OAJd57SGIT8xuWJH,Forever & Always (Taylor’s Version),11,225,50832810,0.598,0.821,0.673,128,A# major,0
6ON9UuIq49xXY9GPmHIYRp,4hDok0OAJd57SGIT8xuWJH,The Best Day (Taylor’s Version),12,245,26465598,0.642,0.576,0.469,125,C# major,0
3ExweHKZF9B752DPQByRVT,4hDok0OAJd57SGIT8xuWJH,Change (Taylor’s Version),13,279,23671762,0.499,0.815,0.344,96,F major,0
2m3ObD945KvpE5y9A1eUWm,4hDok0OAJd57SGIT8xuWJH,Jump Then Fall (Taylor’s Version),14,238,26829259,0.572,0.69,0.624,160,D major,0
0tQ9vBYpldCuikPsbgOVKA,4hDok0OAJd57SGIT8xuWJH,Untouchable (Taylor’s Version),15,312,27124768,0.393,0.531,0.224,200,F major,0
01QdEx6kFr78ZejhQtWR5m,4hDok0OAJd57SGIT8xuWJH,Forever & Always (Piano Version) (Taylor’s Version),16,268,27565899,0.546,0.273,0.271,119,A major,0
1n2wszmJyVkw6FHqyLnQsY,4hDok0OAJd57SGIT8xuWJH,Come In With The Rain (Taylor’s Version),17,237,21253182,0.476,0.564,0.167,144,D major,0
51A8eKvvZz9uydvIZ7xRSV,4hDok0OAJd57SGIT8xuWJH,Superstar (Taylor’s Version),18,264,19454704,0.454,0.555,0.171,172,D major,0
1cSFlSBdpT4F5vb1frQ231,4hDok0OAJd57SGIT8xuWJH,The Other Side Of The Door (Taylor’s Version),19,238,33830096,0.432,0.873,0.629,164,E major,0
2JoJrsEV15OzbijS47lids,4hDok0OAJd57SGIT8xuWJH,Today Was A Fairytale (Taylor’s Version),20,242,26988194,0.482,0.779,0.328,158,G major,0
4CHpVfAhuxNJ3ibExe6kxO,4hDok0OAJd57SGIT8xuWJH,You All Over Me (feat. Maren Morris) (Taylor’s Version) (From The Vault),21,221,76353443,0.599,0.494,0.44,143,D major,0
2CYVETnhM9aytqrazYYwrK,4hDok0OAJd57SGIT8xuWJH,Mr. Perfectly Fine (Taylor’s Version) (From The Vault),22,278,186772424,0.66,0.817,0.714,136,B minor,0
34V9RiEPe8MNdU32qJsJa1,4hDok0OAJd57SGIT8xuWJH,We Were Happy (Taylor’s Version) (From The Vault),23,244,32865050,0.609,0.373,0.13,106,C major,0
7eResoqEJJAVTkQYSqvO3P,4hDok0OAJd57SGIT8xuWJH,That’s When (feat. Keith Urban) (Taylor’s Version) (From The Vault),24,189,44793440,0.588,0.608,0.508,90,F major,0
4uuEGH5SVuzkkSFjo2DEiY,4hDok0OAJd57SGIT8xuWJH,Don’t You (Taylor’s Version) (From The Vault),25,209,37440641,0.563,0.473,0.405,102,D# major,0
4qUijfYU8EoIWiY6oSyrgT,4hDok0OAJd57SGIT8xuWJH,Bye Bye Baby (Taylor’s Version) (From The Vault),26,242,30026751,0.624,0.624,0.527,80,F major,0
2gVhfX2Gy1T9kDuS9azrF7,6AORtDjduMM3bupSWzbTSG,willow,1,215,511071164,0.392,0.574,0.529,81,G major,0
1gcyHQpBQ1lfXGdhZmWrHP,6AORtDjduMM3bupSWzbTSG,champagne problems,2,244,317422916,0.462,0.24,0.32,171,C major,1
3Dby3p1m6IOZn2gIIqECgK,6AORtDjduMM3bupSWzbTSG,gold rush,3,185,169286592,0.512,0.462,0.353,112,A major,1
6sQckd3Z8NPxVVKUnavY1F,6AORtDjduMM3bupSWzbTSG,‘tis the damn season,4,230,141027561,0.575,0.434,0.348,146,F major,0
6lCvK2AR2uOKkVFCVlAzzm,6AORtDjduMM3bupSWzbTSG,tolerate it,5,245,137146059,0.316,0.361,0.221,75,A major,1
6uwfVkaOM1mcMkFmSn35ix,6AORtDjduMM3bupSWzbTSG,"no body, no crime (feat. HAIM)",6,216,164648283,0.546,0.613,0.535,79,G minor,0
55Vf4bimc1Rtfg0PAQRAo2,6AORtDjduMM3bupSWzbTSG,happiness,7,315,111288459,0.559,0.334,0.211,122,B major,1
66tOfHVH3aUrscg8vExRV4,6AORtDjduMM3bupSWzbTSG,dorothea,8,226,96977480,0.605,0.488,0.354,120,E major,0
2awNGIJHodfLZSClB3PYhz,6AORtDjduMM3bupSWzbTSG,coney island (feat. The National),9,275,105257309,0.537,0.537,0.292,108,G# major,0
43Ykum9T72UOPhBN31grpN,6AORtDjduMM3bupSWzbTSG,ivy,10,260,122188780,0.515,0.545,0.535,89,D major,1
52OkpDsU6MmPx1AwGOb6Ap,6AORtDjduMM3bupSWzbTSG,cowboy like me,11,275,99347019,0.604,0.517,0.511,128,C major,1
5VYWxXUpxuxEmCqMLDqICo,6AORtDjduMM3bupSWzbTSG,long story short,12,216,113210528,0.546,0.73,0.573,158,C major,0
5uICWmZTLkpEVbK22PBP6e,6AORtDjduMM3bupSWzbTSG,marjorie,13,258,92161802,0.535,0.561,0.287,96,F major,0
6a8aUhYbaQBUI8PcJ5ZmQ6,6AORtDjduMM3bupSWzbTSG,closure,14,181,72441344,0.689,0.704,0.92,152,A major,0
6Wlq9rqkxrqj5Kls4Kw14H,6AORtDjduMM3bupSWzbTSG,evermore (feat. Bon Iver),15,304,120530796,0.39,0.27,0.32,125,C# major,0
3zwMVvkBe2qIKDObWgXw4N,6AORtDjduMM3bupSWzbTSG,right where you left me - bonus track,16,245,132702024,0.581,0.619,0.645,138,A# major,0
1kdWw77ZpYOkhxeuhzU1j6,6AORtDjduMM3bupSWzbTSG,it’s time to go - bonus track,17,255,54819122,0.592,0.41,0.416,152,C major,0
4pfrrhvplbJZAIsfosGWQP,1pzvBxYgT6OVwJLtHkrdQK,the 1,1,210,320286903,0.78,0.361,0.163,140,C major,1
0KRYCBwIpWYFNrXOmXbyUh,1pzvBxYgT6OVwJLtHkrdQK,cardigan,2,240,531234998,0.612,0.58,0.534,130,C minor,0
2olxzvoFI9IpxqFeUv7WOX,1pzvBxYgT6OVwJLtHkrdQK,the last great american dynasty,3,231,203479807,0.688,0.653,0.701,148,G major,1
5S4aYQAJOwJMAamANWlICO,1pzvBxYgT6OVwJLtHkrdQK,exile (feat. Bon Iver),4,286,473133107,0.31,0.374,0.16,76,F# major,0
5P2bHCDM2tsgIaYWsZMhu5,1pzvBxYgT6OVwJLtHkrdQK,my tears ricochet,5,256,233315914,0.456,0.265,0.112,130,C major,0
2I8YAEA1VmCuP1wkJHMpTw,1pzvBxYgT6OVwJLtHkrdQK,mirrorball,6,209,200439636,0.549,0.417,0.347,110,G major,0
76mOLcXOjOEhyY4mMF1l3r,1pzvBxYgT6OVwJLtHkrdQK,seven,7,209,170476292,0.602,0.494,0.374,95,E major,0
6nK2pIKFcRc5frrZKHgsiT,1pzvBxYgT6OVwJLtHkrdQK,august,8,262,421248742,0.387,0.634,0.42,90,F major,0
7cm50Lw03k6VvRauJtkyTj,1pzvBxYgT6OVwJLtHkrdQK,this is me trying,9,195,193587485,0.511,0.478,0.408,136,A major,0
6DrLROM5MG9bxWHeEG5elq,1pzvBxYgT6OVwJLtHkrdQK,illicit affairs,10,191,180149150,0.529,0.304,0.44,120,A# major,0
2ehRU518I0hYqMGQnk4lDY,1pzvBxYgT6OVwJLtHkrdQK,invisible string,11,253,189846304,0.651,0.459,0.454,83,E minor,0
0RP1kqoSPkVXsKiQNhMKzV,1pzvBxYgT6OVwJLtHkrdQK,mad woman,12,237,128185900,0.593,0.7,0.451,142,D# major,1
1EXa37LpSvi3OQ9UYQ28rD,1pzvBxYgT6OVwJLtHkrdQK,epiphany,13,290,114559140,0.317,0.254,0.103,94,C# major,0
3IhtE4fkytdrtEfV34UzkD,1pzvBxYgT6OVwJLtHkrdQK,betty,14,295,194860472,0.595,0.376,0.476,96,C major,1
6JlI8Ay77m4nJvZTHvfT1J,1pzvBxYgT6OVwJLtHkrdQK,peace,15,234,124033066,0.644,0.284,0.328,150,F major,1
0YeDG5HnKnG7jpArkzsSPa,1pzvBxYgT6OVwJLtHkrdQK,hoax,16,220,110755999,0.676,0.178,0.404,119,G# major,0
0eFQWVz0qIxDOvhLpZ40P7,1pzvBxYgT6OVwJLtHkrdQK,the lakes - bonus track,17,212,77165446,0.313,0.258,0.268,180,D major,0
43rA71bccXFGD4C8GOpIlN,1NAmidJlEaVgA3MpcPFYGq,I Forgot That You Existed,1,171,237669987,0.664,0.316,0.541,93,F major,0
1BxfuPKGuaTgP7aM0Bbdwr,1NAmidJlEaVgA3MpcPFYGq,Cruel Summer,2,178,423867385,0.552,0.702,0.564,170,A major,0
1dGr1c8CrMLDpV6mPbImSI,1NAmidJlEaVgA3MpcPFYGq,Lover,3,221,679085102,0.359,0.543,0.453,69,G major,0
3RauEVgRgj1IuWdJ9fDs70,1NAmidJlEaVgA3MpcPFYGq,The Man,4,190,406670895,0.777,0.658,0.633,110,C major,0
3pHkh7d0lzM2AldUtz2x37,1NAmidJlEaVgA3MpcPFYGq,The Archer,5,211,194195408,0.292,0.574,0.166,124,C major,0
2YWtcWi3a83pdEg3Gif4Pd,1NAmidJlEaVgA3MpcPFYGq,I Think He Knows,6,173,155167600,0.897,0.366,0.416,100,C major,0
214nt20w5wOxJnY462klLw,1NAmidJlEaVgA3MpcPFYGq,Miss Americana & The Heartbreak Prince,7,234,146701533,0.662,0.747,0.487,150,B minor,0
4y5bvROuBDPr5fuwXbIBZR,1NAmidJlEaVgA3MpcPFYGq,Paper Rings,8,222,320430101,0.811,0.719,0.865,104,A major,0
12M5uqx0ZuwkpLp5rJim1a,1NAmidJlEaVgA3MpcPFYGq,Cornelia Street,9,287,166214788,0.824,0.624,0.248,102,C major,0
2dgFqt3w9xIQRjhPtwNk3D,1NAmidJlEaVgA3MpcPFYGq,Death By A Thousand Cuts,10,199,152663357,0.712,0.732,0.313,94,E major,0
1LLXZFeAHK9R4xUramtUKw,1NAmidJlEaVgA3MpcPFYGq,London Boy,11,190,173555477,0.695,0.71,0.557,158,C# major,0
4AYtqFyFbX0Xkc2wtcygTr,1NAmidJlEaVgA3MpcPFYGq,Soon You’ll Get Better (feat. The Chicks),12,202,91575972,0.433,0.182,0.421,207,C major,0
5hQSXkFgbxjZo9uCwd11so,1NAmidJlEaVgA3MpcPFYGq,False God,13,200,119606008,0.739,0.32,0.351,80,B minor,0
6RRNNciQGZEXnqk8SQ9yv5,1NAmidJlEaVgA3MpcPFYGq,You Need To Calm Down,14,171,679880112,0.771,0.671,0.714,85,D major,0
1SymEzIT3H8UZfibCs3TYi,1NAmidJlEaVgA3MpcPFYGq,Afterglow,15,223,180026114,0.756,0.449,0.399,111,A major,0
2Rk4JlNc2TPmZe2af99d45,1NAmidJlEaVgA3MpcPFYGq,ME! (feat. Brendon Urie of Panic! At The Disco),16,193,693316635,0.61,0.83,0.728,182,C major,0
1SmiQ65iSAbPto6gPFlBYm,1NAmidJlEaVgA3MpcPFYGq,It’s Nice To Have A Friend,17,150,79924149,0.737,0.175,0.545,70,A# major,0
1fzAuUVbzlhZ1lJAx9PtY6,1NAmidJlEaVgA3MpcPFYGq,Daylight,18,293,128114964,0.557,0.496,0.265,150,C major,0
2yLa0QULdQr0qAIvVwN6B5,6DEjYFkNZh67HP7R9PSZvv,...Ready For It?,1,208,431999889,0.613,0.764,0.417,160,D major,0
2x0WlnmfG39ZuDmstl9xfX,6DEjYFkNZh67HP7R9PSZvv,End Game,2,245,332469474,0.649,0.589,0.151,159,D major,0
4svZDCRz4cJoneBpjpx8DJ,6DEjYFkNZh67HP7R9PSZvv,I Did Something Bad,3,238,254205593,0.696,0.602,0.305,83,C minor,0
1R0a2iXumgCiFb7HEZ7gUE,6DEjYFkNZh67HP7R9PSZvv,Don’t Blame Me,4,236,428169821,0.615,0.534,0.193,136,A minor,0
6NFyWDv5CjfwuzoCkw47Xf,6DEjYFkNZh67HP7R9PSZvv,Delicate,5,232,627600655,0.75,0.404,0.0499,95,A minor,0
1P17dC1amhFzptugyAO7Il,6DEjYFkNZh67HP7R9PSZvv,Look What You Made Me Do,6,212,797343782,0.766,0.709,0.506,128,A minor,0
5PxFv9yJEg9dxvbZggykro,6DEjYFkNZh67HP7R9PSZvv,So It Goes...,7,228,98510046,0.574,0.61,0.374,75,D major,0
1ZY1PqizIl78geGM4xWlEA,6DEjYFkNZh67HP7R9PSZvv,Gorgeous,8,210,351809119,0.8,0.535,0.451,92,G major,0
0VE4kBnHJUgtMf0dy6DRmW,6DEjYFkNZh67HP7R9PSZvv,Getaway Car,9,234,296913176,0.562,0.689,0.351,172,D major,0
7HuBDWi18s4aJM8UFnNheH,6DEjYFkNZh67HP7R9PSZvv,King Of My Heart,10,214,138998219,0.675,0.703,0.314,110,C major,0
7I7JbDv63ZJJsSi24DyJrz,6DEjYFkNZh67HP7R9PSZvv,Dancing With Our Hands Tied,11,212,139649599,0.624,0.691,0.284,160,C minor,0
6oVxXO5oQ4pTpO8RSnkzvv,6DEjYFkNZh67HP7R9PSZvv,Dress,12,230,146272713,0.719,0.469,0.0851,120,C major,0
07NxDD1iKCHbAldceD7QLP,6DEjYFkNZh67HP7R9PSZvv,This Is Why We Can't Have Nice Things,13,207,122708243,0.567,0.789,0.438,164,F major,0
1GwMQaZz6Au3QLDbjbMdme,6DEjYFkNZh67HP7R9PSZvv,Call It What You Want,14,204,230510654,0.598,0.504,0.252,164,A major,0
7F5oktn5YOsR9eR5YsFtqb,6DEjYFkNZh67HP7R9PSZvv,New Year’s Day,15,235,108217384,0.661,0.151,0.23,95,C major,0
33Kq0AT5rvwyE4azisG08x,34OkZVpuzBa9y40DCy0LPR,Welcome To New York,1,213,161577868,0.789,0.634,0.658,117,G major,0
2sC2P3BN0IXujNaaSyDmtP,34OkZVpuzBa9y40DCy0LPR,Blank Space,2,232,1029218792,0.76,0.703,0.57,96,F major,0
1fo2ctLqj3zBhRQKOXprol,34OkZVpuzBa9y40DCy0LPR,Style,3,231,505306364,0.588,0.791,0.487,95,G major,0
6Nde5KuTXyB7jlPO4upaBo,34OkZVpuzBa9y40DCy0LPR,Out Of The Woods,4,236,199921071,0.553,0.841,0.338,92,G major,0
0lmMtDQ2ElasKU2qDAE6NN,34OkZVpuzBa9y40DCy0LPR,All You Had To Do Was Stay,5,193,143029001,0.605,0.725,0.539,97,F major,0
3fthfkkvy9av3q3uAGVf7U,34OkZVpuzBa9y40DCy0LPR,Shake It Off,6,219,911632141,0.647,0.8,0.942,160,G major,0
1B5VzXPqMlvRw0U4HJY3dJ,34OkZVpuzBa9y40DCy0LPR,I Wish You Would,7,207,81709414,0.653,0.893,0.513,118,C major,0
0yN4fNzmVnmgC0dsOoi9Wh,34OkZVpuzBa9y40DCy0LPR,Bad Blood,8,212,352846554,0.646,0.794,0.287,170,G major,0
106R7Z57WYzBAfrXImV30y,34OkZVpuzBa9y40DCy0LPR,Wildest Dreams,9,220,646797220,0.55,0.688,0.465,140,G# major,0
6wfugRLamFsTRbPcCpNnP7,34OkZVpuzBa9y40DCy0LPR,How You Get The Girl,10,248,100464669,0.765,0.656,0.545,120,F major,0
1kTPQnabROVkW9bUXdCGrB,34OkZVpuzBa9y40DCy0LPR,This Love,11,250,78311180,0.481,0.435,0.107,144,E major,0
2zfgVd034GlUvk7LqBHl6u,34OkZVpuzBa9y40DCy0LPR,I Know Places,12,196,84359001,0.602,0.755,0.495,160,C major,0
4bXCcoesMt8u99xMsbLr9U,34OkZVpuzBa9y40DCy0LPR,Clean,13,271,117183328,0.815,0.377,0.211,104,E major,0
6iWMI5oOhWrDbLbjmwTWFq,34OkZVpuzBa9y40DCy0LPR,Wonderland,14,246,82811507,0.422,0.692,0.197,184,D# major,0
4A2LfnduSTsE8u0ecYROxE,34OkZVpuzBa9y40DCy0LPR,You Are In Love,15,267,79899891,0.474,0.48,0.319,170,D major,0
6rZVy6FIG7lSJQMFXHo12z,34OkZVpuzBa9y40DCy0LPR,New Romantics,16,230,137633816,0.633,0.889,0.584,122,F major,0
4JQm7ebhsrt10wmrP6AfXL,34OkZVpuzBa9y40DCy0LPR,I Know Places - Voice Memo,17,216,3988340,0.592,0.128,0.15,79,A minor,0
4TtyvyI42C0KFnbDZvNC8Y,34OkZVpuzBa9y40DCy0LPR,I Wish You Would - Voice Memo,18,107,3124230,0.781,0.357,0.645,118,C major,0
0yisH8r0f3Mkq34kjzUlCV,34OkZVpuzBa9y40DCy0LPR,Blank Space - Voice Memo,19,131,3388459,0.675,0.234,0.578,127,F minor,0
5zyCYmiaVE5y26EZuwZbsw,1KlU96Hw9nlvqpBPlSqcTV,State Of Grace,1,295,55143741,0.588,0.825,0.397,130,E major,0
1RvQQGwaPipiNgz8RXAKA8,1KlU96Hw9nlvqpBPlSqcTV,Red,2,221,203811001,0.602,0.896,0.641,125,C# minor,0
0XfOV7qY3834QpFVwOb6CC,1KlU96Hw9nlvqpBPlSqcTV,Treacherous,3,241,50435942,0.705,0.621,0.395,110,D major,0
0ciHz919LVKoH4zgxyMPZ9,1KlU96Hw9nlvqpBPlSqcTV,I Knew You Were Trouble.,4,218,606166319,0.622,0.469,0.679,77,D# minor,0
1q3RiD1tIWUpGsNFADMlvl,1KlU96Hw9nlvqpBPlSqcTV,All Too Well,5,328,211908053,0.602,0.609,0.337,93,C major,0
3bIxTsfeNMO7Nt2J3EUKrA,1KlU96Hw9nlvqpBPlSqcTV,22,6,230,305011663,0.658,0.729,0.668,104,G major,0
31pEV5lPJi7btskZoUr2yu,1KlU96Hw9nlvqpBPlSqcTV,I Almost Do,7,243,56503147,0.567,0.481,0.233,146,E major,0
1OYARuagDrpgNNQ4loO1Cs,1KlU96Hw9nlvqpBPlSqcTV,We Are Never Ever Getting Back Together,8,192,520423633,0.628,0.676,0.75,86,G major,0
1x0J8LFX23d5h1zzuzZorc,1KlU96Hw9nlvqpBPlSqcTV,Stay Stay Stay,9,205,51720497,0.729,0.748,0.928,100,C major,0
7vvIpJZye5cRR6De1LKM0m,1KlU96Hw9nlvqpBPlSqcTV,The Last Time,10,298,60097894,0.505,0.443,0.123,94,D major,0
5d2Kn9oAAh9S2EbyCo1i52,1KlU96Hw9nlvqpBPlSqcTV,Holy Ground,11,202,49528882,0.627,0.816,0.648,157,E major,0
5QKhg4r4Ibt0LVTmWEXTEg,1KlU96Hw9nlvqpBPlSqcTV,Sad Beautiful Tragic,12,284,36263716,0.624,0.34,0.261,130,G major,0
2wtHlpYSgC7xEdD3DrSHNL,1KlU96Hw9nlvqpBPlSqcTV,The Lucky One,13,240,39905909,0.706,0.499,0.545,118,E major,0
7gdwoOmi258QJq0hmQ4hto,1KlU96Hw9nlvqpBPlSqcTV,Everything Has Changed,14,244,234249151,0.624,0.458,0.436,80,F# major,0
0vqI4ZIMuifeKeItGiWbPj,1KlU96Hw9nlvqpBPlSqcTV,Starlight,15,218,39446915,0.649,0.777,0.587,126,A major,0
48A0aShHlovDfTMucMrE66,1KlU96Hw9nlvqpBPlSqcTV,Begin Again,16,238,106713209,0.53,0.526,0.323,79,G major,0
5AsmAjBSSQjRPWgAYIp8tm,1KlU96Hw9nlvqpBPlSqcTV,The Moment I Knew,17,286,26692832,0.62,0.506,0.275,126,G major,0
4qyalTRMRH5YuEntvvMvq0,1KlU96Hw9nlvqpBPlSqcTV,Come Back...Be Here,18,223,37874039,0.483,0.548,0.217,80,E major,0
6cf6rLb8qcklvJv90W6HCW,1KlU96Hw9nlvqpBPlSqcTV,Girl At Home,19,220,21165194,0.733,0.59,0.633,125,F major,0
7BT9K9BDqq6HI2oWH5UMZQ,1KlU96Hw9nlvqpBPlSqcTV,Treacherous - Original Demo Recording,20,240,15341632,0.828,0.64,0.519,110,D major,0
4mqgn90sCeVSYqcoftTQTd,1KlU96Hw9nlvqpBPlSqcTV,Red - Original Demo Recording,21,226,16125556,0.678,0.902,0.637,125,C# minor,0
5G9AVKld9q7DCrmoY42raf,1KlU96Hw9nlvqpBPlSqcTV,State Of Grace - Acoustic,22,323,21920031,0.626,0.118,0.0682,106,G major,0
6LZaxlycSWrJZ4Volb25qx,5EpMjweRD573ASl7uNiHym,Mine,1,231,160908169,0.624,0.757,0.658,121,G major,0
1q8E1FfFuhd12c5JcJwPxQ,5EpMjweRD573ASl7uNiHym,Sparks Fly,2,261,119581662,0.605,0.787,0.374,115,F major,0
7lxADouiWFkwR7ZV2GKUcH,5EpMjweRD573ASl7uNiHym,Back To December,3,293,244027781,0.529,0.67,0.286,142,D major,0
1nYWTzy5zu3zEPNgB1sItW,5EpMjweRD573ASl7uNiHym,Speak Now,4,241,83339515,0.709,0.599,0.735,119,G major,0
1ubvV5ECkm6nSI6g1HmbBK,5EpMjweRD573ASl7uNiHym,Dear John,5,404,92848771,0.589,0.47,0.102,119,E major,0
4N60XfcTE1ysLZGbYgnYXq,5EpMjweRD573ASl7uNiHym,Mean,6,238,169540372,0.568,0.761,0.789,164,E major,0
19tHCfzUSoy5HkpxcmbA0A,5EpMjweRD573ASl7uNiHym,The Story Of Us,7,266,108726218,0.543,0.818,0.683,140,E major,0
74WBGgUnpKrJXt6TETfR6Z,5EpMjweRD573ASl7uNiHym,Never Grow Up,8,290,59747836,0.714,0.305,0.554,125,D major,0
14LtANuaslKWyYbktUrHBU,5EpMjweRD573ASl7uNiHym,Enchanted,9,352,381363239,0.455,0.623,0.208,164,G# major,0
1By2VQkUN0Frd8mKNV5NYC,5EpMjweRD573ASl7uNiHym,Better Than Revenge,10,217,114612111,0.516,0.917,0.635,146,B minor,0
3kfgJql90tzgoxByioAMXR,5EpMjweRD573ASl7uNiHym,Innocent,11,302,35542321,0.552,0.608,0.17,134,C# minor,0
11UaQaEp2LvdspTyyuE3ur,5EpMjweRD573ASl7uNiHym,Haunted,12,242,62388892,0.436,0.95,0.352,162,F major,0
1D27z8xNzjW0Mwwt1NCWhJ,5EpMjweRD573ASl7uNiHym,Last Kiss,13,367,81339086,0.371,0.341,0.196,89,A# major,0
7DjCRhhFo9PPzca1BjMLcf,5EpMjweRD573ASl7uNiHym,Long Live,14,317,63954761,0.418,0.68,0.142,204,G major,0
1EQn3Uc5AyUXoiPLeyCrrg,5EpMjweRD573ASl7uNiHym,Ours,15,238,54848691,0.608,0.569,0.238,160,C major,0
0vvt4IZOMkRug195S4MUq0,5EpMjweRD573ASl7uNiHym,If This Was A Movie,16,235,31709663,0.511,0.719,0.289,148,E major,0
2R7C9dDqv1UPycvepBFziA,5EpMjweRD573ASl7uNiHym,Superman,17,276,18101751,0.582,0.765,0.559,132,G major,0
6IH2Z54gYPLqgJtxZjX80i,5EpMjweRD573ASl7uNiHym,Back To December - Acoustic,18,293,63614792,0.541,0.453,0.377,142,D major,0
62rlxI6g2PNaWsHoiRryto,5EpMjweRD573ASl7uNiHym,Haunted - Acoustic Version,19,218,16478234,0.563,0.443,0.313,81,F major,0
0fAbfDiuQiUwV7FUcFfRGY,5EpMjweRD573ASl7uNiHym,Mine - POP Mix,20,230,39953409,0.695,0.723,0.679,121,G major,0
08gavXombT6KR0af88i9tA,43OpbkiiIxJO8ktIB777Nn,Jump Then Fall,1,237,22066646,0.618,0.687,0.82,80,D major,0
2IZ00ed83ygPIiacYScWUE,43OpbkiiIxJO8ktIB777Nn,Untouchable,2,311,18886740,0.419,0.454,0.288,200,F major,0
46HGgtwmmuEB8mvDCyjyAc,43OpbkiiIxJO8ktIB777Nn,Forever & Always - Piano Version,3,268,24270365,0.592,0.16,0.294,119,A major,0
4pl5zcqCv4vc3cB7M4MZ6f,43OpbkiiIxJO8ktIB777Nn,Come In With The Rain,4,238,14159276,0.527,0.475,0.224,144,D major,0
14Bljc3pOOG0xQX3wqhLN9,43OpbkiiIxJO8ktIB777Nn,SuperStar,5,261,11748102,0.61,0.531,0.228,86,D major,0
0xvsgzM8AtBtRHZm5rav8A,43OpbkiiIxJO8ktIB777Nn,The Other Side Of The Door,6,238,12545001,0.476,0.816,0.469,164,E major,0
3F6czr26ZwGU5O5CHY04Ma,43OpbkiiIxJO8ktIB777Nn,Fearless,7,242,90326373,0.598,0.714,0.467,100,F major,0
3M0w3fhdXByHLCNAoi5c9G,43OpbkiiIxJO8ktIB777Nn,Fifteen,8,294,94422976,0.559,0.636,0.214,95,G major,0
0kN3oXYWWAk1uC0y2WoyOE,43OpbkiiIxJO8ktIB777Nn,Love Story,9,235,639407309,0.618,0.736,0.307,119,D major,0
6wcFdMmiDscAhZJrcVFumx,43OpbkiiIxJO8ktIB777Nn,Hey Stephen,10,254,42080753,0.843,0.553,0.825,116,F# major,0
4jPtq9shRdUv8Zjr0a5xkD,43OpbkiiIxJO8ktIB777Nn,White Horse,11,234,96010789,0.585,0.346,0.195,93,C major,0
3as6Wz3mwbTnusWhZjTUNr,43OpbkiiIxJO8ktIB777Nn,You Belong With Me,12,231,454057615,0.687,0.771,0.445,130,F# major,0
6S9G7J3EB1ZY0rrZPwsBg5,43OpbkiiIxJO8ktIB777Nn,Breathe,13,264,60493496,0.498,0.486,0.17,148,C# major,0
4XrP7vKBjKLEYlRZdb0Ygr,43OpbkiiIxJO8ktIB777Nn,Tell Me Why,14,201,26836697,0.601,0.852,0.513,100,G major,0
6HWYtS215rxaaMjvpyG18W,43OpbkiiIxJO8ktIB777Nn,You're Not Sorry,15,262,40380964,0.459,0.459,0.281,134,F# major,0
77VotUUL79U10TAnYdqwvr,43OpbkiiIxJO8ktIB777Nn,The Way I Loved You,16,244,55831953,0.436,0.712,0.379,161,F major,0
1zxrcAk6eiytfavqriMcKT,43OpbkiiIxJO8ktIB777Nn,Forever & Always,17,225,46116820,0.605,0.829,0.514,128,A# major,0
5YbZZ2gYfvW1UvHHF4pVaD,43OpbkiiIxJO8ktIB777Nn,The Best Day,18,245,33371823,0.664,0.447,0.364,126,C# major,0
0RdcBnAXyH2YZZvcBVu2k6,43OpbkiiIxJO8ktIB777Nn,Change,19,280,22914972,0.548,0.756,0.224,96,F major,0
0Om9WAB5RS09L80DyOfTNa,7mzrIsaAjnXihW3InKjlC3,Tim McGraw,1,232,80833100,0.58,0.491,0.425,76,C major,0
32mVHdy0bi1XKgr0ajsBlG,7mzrIsaAjnXihW3InKjlC3,Picture To Burn,2,173,105357365,0.658,0.877,0.821,106,G major,0
7zMcNqs55Mxer82bvZFkpg,7mzrIsaAjnXihW3InKjlC3,Teardrops On My Guitar - Radio Single Remix,3,203,147919759,0.621,0.417,0.289,100,A# major,0
73OX8GdpOeGzKC6OvGSbsv,7mzrIsaAjnXihW3InKjlC3,A Place in this World,4,199,22783916,0.576,0.777,0.428,115,A major,0
7an1exwMnfYRcdVQm0yDev,7mzrIsaAjnXihW3InKjlC3,Cold As You,5,239,23659750,0.418,0.482,0.261,176,F major,0
2QA3IixpRcKyOdG7XDzRgv,7mzrIsaAjnXihW3InKjlC3,The Outside,6,207,15646865,0.589,0.805,0.591,113,F major,0
6K0CJLVXqbGMeJSmJ4ENKK,7mzrIsaAjnXihW3InKjlC3,Tied Together with a Smile,7,248,18446996,0.479,0.578,0.192,146,D major,0
2ZoOmCSgj0ypVAmGd1ve4y,7mzrIsaAjnXihW3InKjlC3,Stay Beautiful,8,236,20681910,0.594,0.629,0.504,132,G# major,0
16MVSD0mGI4RMQT83Qzm69,7mzrIsaAjnXihW3InKjlC3,Should've Said No,9,242,70185019,0.476,0.777,0.472,168,E minor,0
2QrQCMel6v2JiLxqrg4p2O,7mzrIsaAjnXihW3InKjlC3,Mary's Song (Oh My My My),10,213,25453124,0.403,0.627,0.374,75,D major,0
15DeqWWQB4dcEWzJg15VrN,7mzrIsaAjnXihW3InKjlC3,Our Song,11,201,182375089,0.668,0.672,0.539,89,D major,0
0JIdBrXGSJXS72zjF9ss9u,7mzrIsaAjnXihW3InKjlC3,I'm Only Me When I'm With You,12,213,29364474,0.563,0.934,0.518,144,G# major,0
5OOd01o2YS1QFwdpVLds3r,7mzrIsaAjnXihW3InKjlC3,Invisible,13,203,20630366,0.612,0.394,0.233,96,G major,0
1spLfUJxtyVyiKKTegQ2r4,7mzrIsaAjnXihW3InKjlC3,A Perfectly Good Heart,14,220,13858072,0.483,0.751,0.268,156,E major,0
4pJi1rVt9GNegU9kywjg4z,7mzrIsaAjnXihW3InKjlC3,Teardrops on My Guitar - Pop Version,15,179,20196713,0.459,0.753,0.483,200,A# major,0
